gene_allele,well,is_bg_sum,Batch,QC_Flag
KCNJ2_Met301Leu,G06,0,2025_03_17_Batch_15,PASS
SFTPA2_Gln223Lys,P07,0,2025_03_17_Batch_15,PASS
SMAD3_Leu274Pro,P15,0,2025_03_17_Batch_15,PASS
TPM1_Lys37Glu,F02,0,2025_03_17_Batch_15,PASS
LITAF_Trp116Gly,G24,0,2025_03_17_Batch_15,PASS
GFAP_Tyr366Cys,I21,0,2025_03_17_Batch_15,PASS
TPM3_Ala4Val,L08,0,2025_03_17_Batch_15,PASS
KCNJ2_Ala115Val,K08,2,2025_03_17_Batch_15,PASS
PHYH_Gly204Ser,L05,0,2025_03_17_Batch_15,PASS
KCNJ2_Arg40Pro,C10,0,2025_03_17_Batch_15,PASS
GFAP_Ala364Pro,A23,0,2025_03_17_Batch_15,PASS
TPM1_Leu185Arg,P02,0,2025_03_17_Batch_15,PASS
SMAD3_Asn197Ile,D21,0,2025_03_17_Batch_15,PASS
CUL3,I13,0,2025_03_17_Batch_15,PASS
SMAD3_Glu284Gln,F11,0,2025_03_17_Batch_15,PASS
KCNJ2_Arg189Lys,A16,0,2025_03_17_Batch_15,PASS
PNKP,P05,0,2025_03_17_Batch_15,PASS
PHYH_Arg275Trp,H05,0,2025_03_17_Batch_15,PASS
COQ8A_Gly272Asp,C11,0,2025_03_17_Batch_15,PASS
APOA1_Arg197Cys,O01,0,2025_03_17_Batch_15,PASS
TPM1_Glu180Val,H04,0,2025_03_17_Batch_15,PASS
GFAP,C17,0,2025_03_17_Batch_15,PASS
PRPS1_Leu129Ile,L07,0,2025_03_17_Batch_15,PASS
SMAD3_Arg279Lys,P09,0,2025_03_17_Batch_15,PASS
LITAF_Ala111Gly,K20,0,2025_03_17_Batch_15,PASS
KCNJ2_Ile258Thr,M08,1,2025_03_17_Batch_15,PASS
TPM1_Ala239Thr,H02,0,2025_03_17_Batch_15,PASS
TPM1,L04,0,2025_03_17_Batch_15,PASS
IMPDH1_Arg154Trp,I04,0,2025_03_17_Batch_15,PASS
TMEM43,L21,0,2025_03_17_Batch_15,PASS
NR0B1,F01,0,2025_03_17_Batch_15,PASS
BAG3,M03,0,2025_03_17_Batch_15,PASS
IMPDH1,C04,0,2025_03_17_Batch_15,PASS
NR0B1_Asn440Ile,H01,0,2025_03_17_Batch_15,PASS
GFAP_Met74Thr,K17,0,2025_03_17_Batch_15,PASS
TMEM43_Thr277Ser,N21,0,2025_03_17_Batch_15,PASS
TPM1_Met281Thr,B08,0,2025_03_17_Batch_15,PASS
TPM1_Val95Ala,F08,0,2025_03_17_Batch_15,PASS
SMAD3_Pro263Leu,B13,0,2025_03_17_Batch_15,PASS
LITAF_Pro135Ser,A20,0,2025_03_17_Batch_15,PASS
CLDN19,K09,0,2025_03_17_Batch_15,PASS
TPM1_Glu180Gly,D06,3,2025_03_17_Batch_15,FAIL
PNKP_Pro20Ser,D07,4,2025_03_17_Batch_15,FAIL
SMAD3_Asn59Asp,N13,0,2025_03_17_Batch_15,PASS
PHYH_Arg275Gln,J05,3,2025_03_17_Batch_15,FAIL
KCNJ2,A02,0,2025_03_17_Batch_15,PASS
KCNJ2_Thr400Met,A10,0,2025_03_17_Batch_15,PASS
SMAD3_Cys109Tyr,L09,0,2025_03_17_Batch_15,PASS
SMAD3_Arg287Trp,N11,0,2025_03_17_Batch_15,PASS
GFAP_Leu90Pro,O19,0,2025_03_17_Batch_15,PASS
SFTPA2_Ala91Pro,D09,4,2025_03_17_Batch_15,FAIL
KRT83,C18,0,2025_03_17_Batch_15,PASS
KCNJ2_Arg67Gln,O12,0,2025_03_17_Batch_15,PASS
COQ8A_His80Tyr,I11,0,2025_03_17_Batch_15,PASS
GFAP_Leu357Pro,O21,0,2025_03_17_Batch_15,PASS
KCNJ2_Arg260Pro,K10,0,2025_03_17_Batch_15,PASS
BAG3_Arg258Trp,I05,0,2025_03_17_Batch_15,PASS
SMAD3_Gln316Pro,B17,0,2025_03_17_Batch_15,PASS
BFSP2_Arg287Trp,A07,0,2025_03_17_Batch_15,PASS
SMAD3_Pro263Leu,L19,0,2025_03_17_Batch_15,PASS
LITAF_Phe136Leu,E24,0,2025_03_17_Batch_15,PASS
CDKN1A_Ser31Arg,C09,0,2025_03_17_Batch_15,PASS
LITAF_Pro51Ser,C24,0,2025_03_17_Batch_15,PASS
LITAF_Ala129Val,E22,0,2025_03_17_Batch_15,PASS
APOA1_Gly50Arg,K01,2,2025_03_17_Batch_15,PASS
KCNJ2_Arg325Cys,E16,0,2025_03_17_Batch_15,PASS
SMAD3_Ile170Val,H11,0,2025_03_17_Batch_15,PASS
AP2S1_Arg15Cys,C01,0,2025_03_17_Batch_15,PASS
TPM1_Glu40Lys,D08,0,2025_03_17_Batch_15,PASS
TPM1_Lys15Asn,P04,0,2025_03_17_Batch_15,PASS
KCNJ2_Gly215Asp,O06,0,2025_03_17_Batch_15,PASS
TPM1_Asn279His,B04,0,2025_03_17_Batch_15,PASS
KCNJ2_Ile269Lys,G12,0,2025_03_17_Batch_15,PASS
CTH_Ser403Ile,C13,0,2025_03_17_Batch_15,PASS
KCNJ2_Asn318Ser,I12,0,2025_03_17_Batch_15,PASS
TMEM43_Arg299Thr,J23,0,2025_03_17_Batch_15,PASS
KCNJ2_Arg189Ile,M16,0,2025_03_17_Batch_15,PASS
NR0B1_Trp105Cys,D03,0,2025_03_17_Batch_15,PASS
PHYH,B05,0,2025_03_17_Batch_15,PASS
TPM1_Arg160His,L02,0,2025_03_17_Batch_15,PASS
ALK_Arg1275Gln,J10,1,2025_03_17_Batch_15,PASS
KCNJ2_Val93Ile,A06,0,2025_03_17_Batch_15,PASS
NT5C3A_Phe31Leu,H03,0,2025_03_17_Batch_15,PASS
GFAP_Asp295Asn,I23,0,2025_03_17_Batch_15,PASS
BFSP2_Ala407Asp,O05,0,2025_03_17_Batch_15,PASS
SMAD3_Pro263Ala,J11,0,2025_03_17_Batch_15,PASS
IL36RN_Arg102Trp,O02,0,2025_03_17_Batch_15,PASS
GFAP_Asn77Ser,M19,0,2025_03_17_Batch_15,PASS
GFAP_Leu235Pro,O17,0,2025_03_17_Batch_15,PASS
CDKN1A,K07,0,2025_03_17_Batch_15,PASS
SMAD3_Val294Met,J13,0,2025_03_17_Batch_15,PASS
SFTPA2_Phe198Ser,F09,0,2025_03_17_Batch_15,PASS
GFAP_Lys236Thr,E21,0,2025_03_17_Batch_15,PASS
CTH_Gln240Glu,A13,0,2025_03_17_Batch_15,PASS
KCNJ2_Asp71Asn,O04,0,2025_03_17_Batch_15,PASS
TPM1_Glu54Lys,B06,0,2025_03_17_Batch_15,PASS
LITAF_Ser15Leu,C22,0,2025_03_17_Batch_15,PASS
APOA1_Trp74Arg,G03,0,2025_03_17_Batch_15,PASS
CCBE1_Gly136Arg,I07,0,2025_03_17_Batch_15,PASS
APOA1_Leu114Pro,I03,0,2025_03_17_Batch_15,PASS
CLDN19_Arg200Gln,O09,0,2025_03_17_Batch_15,PASS
GFAP_Pro47Leu,K23,0,2025_03_17_Batch_15,PASS
SFTPA2,N07,0,2025_03_17_Batch_15,PASS
SMAD3_Ile87Thr,D15,0,2025_03_17_Batch_15,PASS
KCNJ2_Pro415Leu,M12,2,2025_03_17_Batch_15,PASS
SMAD3_Thr261Ile,B21,0,2025_03_17_Batch_15,PASS
BLMH_Ile443Val,C07,0,2025_03_17_Batch_15,PASS
TPM1_Lys248Glu,J06,0,2025_03_17_Batch_15,PASS
CLDN19_Gln57Glu,M09,0,2025_03_17_Batch_15,PASS
TPM1_Asp230Asn,J02,0,2025_03_17_Batch_15,PASS
APOA1_Leu84Arg,A03,0,2025_03_17_Batch_15,PASS
NR0B1_Val126Met,P01,0,2025_03_17_Batch_15,PASS
SMAD3_Trp94Leu,L15,0,2025_03_17_Batch_15,PASS
KCNJ2_Asp78Gly,A14,0,2025_03_17_Batch_15,PASS
GFAP_Asn386Ile,E17,0,2025_03_17_Batch_15,PASS
CDKN1A_Arg67Leu,M07,0,2025_03_17_Batch_15,PASS
IL10_Gly15Arg,E02,0,2025_03_17_Batch_15,PASS
KCNJ2_Thr139Ile,G10,0,2025_03_17_Batch_15,PASS
TMEM43_Arg220Cys,L23,0,2025_03_17_Batch_15,PASS
KCNJ2_Gly206Ser,C06,1,2025_03_17_Batch_15,PASS
SMAD3_Asp258His,N09,0,2025_03_17_Batch_15,PASS
LITAF_Asn30Tyr,M20,0,2025_03_17_Batch_15,PASS
LITAF_Gly130Ser,O20,2,2025_03_17_Batch_15,PASS
FOXP3_Gln70His,M15,0,2025_03_17_Batch_15,PASS
IL36RN_Leu27Pro,I02,0,2025_03_17_Batch_15,PASS
GFAP_Arg239Leu,G21,0,2025_03_17_Batch_15,PASS
SMAD3_Arg268Cys,H13,0,2025_03_17_Batch_15,PASS
GFAP_Arg376Trp,C21,0,2025_03_17_Batch_15,PASS
KCNJ2_Asn410Ser,O10,1,2025_03_17_Batch_15,PASS
TPM1_Ala22Thr,N04,0,2025_03_17_Batch_15,PASS
GFAP_Arg88Cys,M17,0,2025_03_17_Batch_15,PASS
SMARCB1_Arg37His,H21,0,2025_03_17_Batch_15,PASS
TPM1_Met8Arg,N02,0,2025_03_17_Batch_15,PASS
SMAD3_Thr261Ile,D11,0,2025_03_17_Batch_15,PASS
NR0B1_Tyr380Asp,N01,0,2025_03_17_Batch_15,PASS
SMAD3_Val410Phe,D17,0,2025_03_17_Batch_15,PASS
ALK_Arg1275Gln,I09,0,2025_03_17_Batch_15,PASS
CFP_Tyr414Asp,G09,0,2025_03_17_Batch_15,PASS
TMEM43_Arg28Trp,P21,0,2025_03_17_Batch_15,PASS
SMAD3_Arg323His,F17,0,2025_03_17_Batch_15,PASS
NT5C3A_Cys108Arg,J03,0,2025_03_17_Batch_15,PASS
GFAP_Glu371Gly,A19,0,2025_03_17_Batch_15,PASS
KCNJ2_Tyr326Asn,A18,1,2025_03_17_Batch_15,PASS
HGD_Ala48Ser,O23,0,2025_03_17_Batch_15,PASS
PRPS1_His193Gln,J07,0,2025_03_17_Batch_15,PASS
SMAD3_Arg385Thr,D19,0,2025_03_17_Batch_15,PASS
TPM1,P06,4,2025_03_17_Batch_15,FAIL
SMAD3_Arg287Trp,N19,0,2025_03_17_Batch_15,PASS
FOXP3_Gly52Val,G15,0,2025_03_17_Batch_15,PASS
KCNJ2_Glu17Arg,G02,0,2025_03_17_Batch_15,PASS
IMPDH1_Arg273Pro,K04,1,2025_03_17_Batch_15,PASS
IL10_Phe129Tyr,C02,0,2025_03_17_Batch_15,PASS
TPM1_Ser215Leu,J04,0,2025_03_17_Batch_15,PASS
TPM1_Ile172Thr,D04,0,2025_03_17_Batch_15,PASS
APOA1_Val180Glu,E03,0,2025_03_17_Batch_15,PASS
GFAP_Lys279Glu,A21,0,2025_03_17_Batch_15,PASS
KCNJ2_Val295Ala,C16,0,2025_03_17_Batch_15,PASS
TPM1_Ala63Val,D02,0,2025_03_17_Batch_15,PASS
TPM1,P23,0,2025_03_17_Batch_15,PASS
IL36RN_Lys35Arg,K02,0,2025_03_17_Batch_15,PASS
GFAP_Glu205Lys,G23,0,2025_03_17_Batch_15,PASS
NR0B1_Arg425Ile,L01,0,2025_03_17_Batch_15,PASS
GFAP_Glu371Val,M21,0,2025_03_17_Batch_15,PASS
FOXP3,E15,0,2025_03_17_Batch_15,PASS
CTH_Thr67Ile,O11,0,2025_03_17_Batch_15,PASS
CTH,M11,0,2025_03_17_Batch_15,PASS
NT5C3A_Gly202Arg,N03,0,2025_03_17_Batch_15,PASS
GFAP_Asp417Ala,K21,0,2025_03_17_Batch_15,PASS
TPM3,J08,0,2025_03_17_Batch_15,PASS
LITAF_Pro135Thr,I20,0,2025_03_17_Batch_15,PASS
NT5C3A,F03,0,2025_03_17_Batch_15,PASS
KCNJ2_Asp172Asn,E12,1,2025_03_17_Batch_15,PASS
LITAF_Thr49Met,I24,0,2025_03_17_Batch_15,PASS
KCNJ2_Arg312His,M10,0,2025_03_17_Batch_15,PASS
GFAP_Glu207Lys,K19,0,2025_03_17_Batch_15,PASS
LITAF_Leu122Val,M24,0,2025_03_17_Batch_15,PASS
SMAD3_Ser423Arg,J17,0,2025_03_17_Batch_15,PASS
NR0B1_Trp105Cys,N05,0,2025_03_17_Batch_15,PASS
GFAP_Leu352Pro,C23,0,2025_03_17_Batch_15,PASS
TPM1_Ala166Thr,B02,0,2025_03_17_Batch_15,PASS
KCNJ2_Thr75Met,E10,0,2025_03_17_Batch_15,PASS
LITAF_Leu122Val,K22,0,2025_03_17_Batch_15,PASS
FOXP3_Ile363Val,K15,0,2025_03_17_Batch_15,PASS
LITAF_Ser118Pro,A24,0,2025_03_17_Batch_15,PASS
SMAD3_Glu239Lys,J19,4,2025_03_17_Batch_15,FAIL
KCNJ2_Asp274Val,E14,1,2025_03_17_Batch_15,PASS
MSRB3_Cys82Gly,B01,0,2025_03_17_Batch_15,PASS
SMAD3_Met255Arg,N15,0,2025_03_17_Batch_15,PASS
NR0B1_Arg267Pro,B03,0,2025_03_17_Batch_15,PASS
SMAD3_Met212Ile,P11,0,2025_03_17_Batch_15,PASS
AP2S1,A01,0,2025_03_17_Batch_15,PASS
TPM1_Arg238Trp,F21,0,2025_03_17_Batch_15,PASS
LITAF_Pro34Thr,G20,0,2025_03_17_Batch_15,PASS
LITAF_Arg160His,I22,0,2025_03_17_Batch_15,PASS
KCNJ2_Pro420Leu,I14,1,2025_03_17_Batch_15,PASS
LITAF_Ile92Val,O24,1,2025_03_17_Batch_15,PASS
APOA1_Ala199Pro,C03,0,2025_03_17_Batch_15,PASS
GFAP_Arg79Ser,C19,0,2025_03_17_Batch_15,PASS
SMAD3_Leu308Phe,B15,0,2025_03_17_Batch_15,PASS
KCNJ2_Gly300Asp,O16,0,2025_03_17_Batch_15,PASS
IL36RN_Ser113Leu,M02,4,2025_03_17_Batch_15,FAIL
GFAP_Arg79Cys,I19,0,2025_03_17_Batch_15,PASS
COQ8A,A11,0,2025_03_17_Batch_15,PASS
TMEM43_Tyr371His,D23,0,2025_03_17_Batch_15,PASS
IMPDH1_Asp275Asn,E04,0,2025_03_17_Batch_15,PASS
LITAF_Gly53Ala,M22,0,2025_03_17_Batch_15,PASS
SMAD3,H09,0,2025_03_17_Batch_15,PASS
KCNJ2_Met301Val,A08,0,2025_03_17_Batch_15,PASS
BAG3_Arg477His,O03,0,2025_03_17_Batch_15,PASS
SMAD3_Arg385Gly,B19,0,2025_03_17_Batch_15,PASS
TMEM43_Glu85Lys,F23,1,2025_03_17_Batch_15,PASS
KCNJ2_Lys364Arg,C08,0,2025_03_17_Batch_15,PASS
COQ8A_Gly549Ser,E11,0,2025_03_17_Batch_15,PASS
COQ8A_His85Gln,G11,0,2025_03_17_Batch_15,PASS
GFAP_Glu210Lys,E23,0,2025_03_17_Batch_15,PASS
LITAF_Thr115Asn,K24,0,2025_03_17_Batch_15,PASS
KCNJ2_Ala70Thr,M14,0,2025_03_17_Batch_15,PASS
KCNJ2_Val302Met,O08,0,2025_03_17_Batch_15,PASS
MSRB3_Cys82Gly,D01,0,2025_03_17_Batch_15,PASS
CTNNA3,E13,0,2025_03_17_Batch_15,PASS
BAG3_Leu462Pro,C05,0,2025_03_17_Batch_15,PASS
BAG3_Pro380Ser,A05,0,2025_03_17_Batch_15,PASS
IMPDH1_Val317Ile,G04,1,2025_03_17_Batch_15,PASS
CDKN1A_Arg84Gln,O07,0,2025_03_17_Batch_15,PASS
SMAD3_Glu239Lys,F15,0,2025_03_17_Batch_15,PASS
FOXP3_Pro187Leu,O15,0,2025_03_17_Batch_15,PASS
KRT83_Glu407Lys,E18,0,2025_03_17_Batch_15,PASS
SMAD3_Leu219Phe,F13,0,2025_03_17_Batch_15,PASS
KCNJ2_Ala70Ser,G16,0,2025_03_17_Batch_15,PASS
BFSP2_Arg339His,M05,0,2025_03_17_Batch_15,PASS
KCNJ2_Pro186Leu,C14,0,2025_03_17_Batch_15,PASS
FKBP6,O13,0,2025_03_17_Batch_15,PASS
SMAD3_Gly272Arg,H15,0,2025_03_17_Batch_15,PASS
ALK_Arg1275Gln,J09,1,2025_03_17_Batch_15,PASS
SMAD3_Trp232Cys,P13,0,2025_03_17_Batch_15,PASS
FOXP3_Leu242Pro,A17,0,2025_03_17_Batch_15,PASS
CFP,E09,0,2025_03_17_Batch_15,PASS
KCNJ2_Asp71His,K06,0,2025_03_17_Batch_15,PASS
APOA1_Leu198Ser,M01,0,2025_03_17_Batch_15,PASS
CCBE1,E07,0,2025_03_17_Batch_15,PASS
KCNJ2_Val86Phe,K16,0,2025_03_17_Batch_15,PASS
AP2S1_Arg15His,E01,0,2025_03_17_Batch_15,PASS
GFAP_Arg239Pro,G19,0,2025_03_17_Batch_15,PASS
LITAF_Val144Met,O22,0,2025_03_17_Batch_15,PASS
LITAF_Val81Met,G22,0,2025_03_17_Batch_15,PASS
LITAF_Pro135Arg,K18,0,2025_03_17_Batch_15,PASS
TPM1_Glu23Gln,N06,0,2025_03_17_Batch_15,PASS
SMAD3_Arg373Cys,P17,0,2025_03_17_Batch_15,PASS
KCNJ2_His110Tyr,M06,1,2025_03_17_Batch_15,PASS
NT5C3A_Asp132Val,L03,0,2025_03_17_Batch_15,PASS
APOA1,G01,0,2025_03_17_Batch_15,PASS
SFTPA2_Gly231Val,B09,0,2025_03_17_Batch_15,PASS
CDKN1A_Asp149Gly,A09,0,2025_03_17_Batch_15,PASS
KCNJ2_Arg67Trp,A12,0,2025_03_17_Batch_15,PASS
NR0B1_Lys382Asn,J01,4,2025_03_17_Batch_15,FAIL
APOA1_Arg34Leu,I01,0,2025_03_17_Batch_15,PASS
SMAD3_Tyr364Cys,N17,0,2025_03_17_Batch_15,PASS
KCNJ2_Thr75Arg,I08,0,2025_03_17_Batch_15,PASS
NT5C3A_Gly275Arg,P03,0,2025_03_17_Batch_15,PASS
APOA1_Ala188Ser,K03,0,2025_03_17_Batch_15,PASS
LITAF_Gly112Ser,C20,0,2025_03_17_Batch_15,PASS
FKBP6_Phe72Leu,C15,0,2025_03_17_Batch_15,PASS
IL36RN_Thr123Arg,A04,0,2025_03_17_Batch_15,PASS
KCNJ2_Cys76Gly,C12,0,2025_03_17_Batch_15,PASS
SMAD3_Asp408His,H19,0,2025_03_17_Batch_15,PASS
KCNJ2_Arg82Gln,O14,0,2025_03_17_Batch_15,PASS
SMARCB1_Pro48Leu,J21,0,2025_03_17_Batch_15,PASS
SMAD3_Arg279Lys,P19,4,2025_03_17_Batch_15,FAIL
BFSP2,K05,0,2025_03_17_Batch_15,PASS
LITAF,I18,0,2025_03_17_Batch_15,PASS
PHYH_Gln176Lys,D05,0,2025_03_17_Batch_15,PASS
BAG3_Arg218Trp,G05,0,2025_03_17_Batch_15,PASS
LITAF_Pro39Ser,O18,0,2025_03_17_Batch_15,PASS
KCNJ2_Trp322Cys,G14,1,2025_03_17_Batch_15,PASS
LITAF_Pro84Leu,A22,0,2025_03_17_Batch_15,PASS
SMAD3_Arg287Gln,D13,2,2025_03_17_Batch_15,PASS
SMAD3_Pro124Leu,B11,0,2025_03_17_Batch_15,PASS
CTNNA3_Val94Asp,G13,0,2025_03_17_Batch_15,PASS
TPM1_Asp175Asn,F07,0,2025_03_17_Batch_15,PASS
KCNJ2_Arg40Gln,E08,0,2025_03_17_Batch_15,PASS
GFAP_Met73Arg,I17,0,2025_03_17_Batch_15,PASS
PNKP_Glu326Lys,B07,0,2025_03_17_Batch_15,PASS
CUL3_Lys459Arg,M13,0,2025_03_17_Batch_15,PASS
TPM1_Ile92Thr,F04,0,2025_03_17_Batch_15,PASS
KCNJ2_Glu349Lys,I06,0,2025_03_17_Batch_15,PASS
HGD,M23,0,2025_03_17_Batch_15,PASS
FKBP6_Arg202His,A15,0,2025_03_17_Batch_15,PASS
TMEM43_Ala366Thr,N23,0,2025_03_17_Batch_15,PASS
SMAD3_Ser355Leu,L17,0,2025_03_17_Batch_15,PASS
LITAF_Thr115Asn,M18,0,2025_03_17_Batch_15,PASS
TMEM43_Arg312Trp,H23,0,2025_03_17_Batch_15,PASS
ALK_Arg1275Gln,I10,0,2025_03_17_Batch_15,PASS
IL36RN_Leu27Pro,I02,0,2025_03_17_Batch_16,PASS
KCNJ2_Val93Ile,A06,0,2025_03_17_Batch_16,PASS
SMAD3_Leu274Pro,P15,0,2025_03_17_Batch_16,PASS
APOA1,G01,0,2025_03_17_Batch_16,PASS
GFAP_Arg239Leu,G21,0,2025_03_17_Batch_16,PASS
GFAP_Asn386Ile,E17,0,2025_03_17_Batch_16,PASS
BAG3,M03,0,2025_03_17_Batch_16,PASS
CDKN1A_Asp149Gly,A09,0,2025_03_17_Batch_16,PASS
KCNJ2_Thr75Arg,I08,0,2025_03_17_Batch_16,PASS
GFAP_Leu235Pro,O17,0,2025_03_17_Batch_16,PASS
CCBE1_Gly136Arg,I07,0,2025_03_17_Batch_16,PASS
SFTPA2_Gln223Lys,P07,0,2025_03_17_Batch_16,PASS
SMAD3_Pro263Leu,B13,0,2025_03_17_Batch_16,PASS
SFTPA2_Phe198Ser,F09,0,2025_03_17_Batch_16,PASS
LITAF_Gly112Ser,C20,0,2025_03_17_Batch_16,PASS
SMAD3_Met212Ile,P11,0,2025_03_17_Batch_16,PASS
ALK_Arg1275Gln,J10,1,2025_03_17_Batch_16,PASS
APOA1_Leu84Arg,A03,0,2025_03_17_Batch_16,PASS
BAG3_Pro380Ser,A05,0,2025_03_17_Batch_16,PASS
KCNJ2_Arg260Pro,K10,0,2025_03_17_Batch_16,PASS
SMAD3_Arg287Trp,N19,0,2025_03_17_Batch_16,PASS
AP2S1_Arg15His,E01,0,2025_03_17_Batch_16,PASS
CTNNA3,E13,0,2025_03_17_Batch_16,PASS
LITAF_Ala129Val,E22,0,2025_03_17_Batch_16,PASS
APOA1_Leu114Pro,I03,0,2025_03_17_Batch_16,PASS
TMEM43_Thr277Ser,N21,0,2025_03_17_Batch_16,PASS
LITAF_Leu122Val,M24,0,2025_03_17_Batch_16,PASS
KCNJ2_Asp71Asn,O04,0,2025_03_17_Batch_16,PASS
SMAD3_Trp232Cys,P13,0,2025_03_17_Batch_16,PASS
TPM1_Ser215Leu,J04,0,2025_03_17_Batch_16,PASS
LITAF_Leu122Val,K22,0,2025_03_17_Batch_16,PASS
TPM1_Glu180Gly,D06,3,2025_03_17_Batch_16,FAIL
PHYH_Gly204Ser,L05,0,2025_03_17_Batch_16,PASS
KCNJ2_Ala70Thr,M14,0,2025_03_17_Batch_16,PASS
KCNJ2_Glu349Lys,I06,0,2025_03_17_Batch_16,PASS
NR0B1_Tyr380Asp,N01,0,2025_03_17_Batch_16,PASS
KCNJ2_Arg82Gln,O14,0,2025_03_17_Batch_16,PASS
HGD,M23,0,2025_03_17_Batch_16,PASS
CDKN1A,K07,0,2025_03_17_Batch_16,PASS
ALK_Arg1275Gln,I10,0,2025_03_17_Batch_16,PASS
BFSP2_Arg287Trp,A07,0,2025_03_17_Batch_16,PASS
SMAD3_Cys109Tyr,L09,0,2025_03_17_Batch_16,PASS
IL36RN_Lys35Arg,K02,0,2025_03_17_Batch_16,PASS
KCNJ2_Gly215Asp,O06,0,2025_03_17_Batch_16,PASS
TPM1_Asp230Asn,J02,0,2025_03_17_Batch_16,PASS
LITAF_Pro135Ser,A20,0,2025_03_17_Batch_16,PASS
SMAD3_Ser355Leu,L17,0,2025_03_17_Batch_16,PASS
NR0B1_Trp105Cys,N05,0,2025_03_17_Batch_16,PASS
IMPDH1_Val317Ile,G04,1,2025_03_17_Batch_16,PASS
TPM1_Lys37Glu,F02,0,2025_03_17_Batch_16,PASS
SMAD3_Arg323His,F17,0,2025_03_17_Batch_16,PASS
KRT83_Glu407Lys,E18,0,2025_03_17_Batch_16,PASS
LITAF_Gly130Ser,O20,2,2025_03_17_Batch_16,PASS
CFP,E09,0,2025_03_17_Batch_16,PASS
KCNJ2_Arg325Cys,E16,0,2025_03_17_Batch_16,PASS
NT5C3A,F03,0,2025_03_17_Batch_16,PASS
CTH,M11,0,2025_03_17_Batch_16,PASS
TPM1_Met8Arg,N02,0,2025_03_17_Batch_16,PASS
TPM1_Glu54Lys,B06,0,2025_03_17_Batch_16,PASS
TMEM43_Arg220Cys,L23,0,2025_03_17_Batch_16,PASS
HGD_Ala48Ser,O23,0,2025_03_17_Batch_16,PASS
GFAP_Met74Thr,K17,0,2025_03_17_Batch_16,PASS
KCNJ2_Arg67Trp,A12,0,2025_03_17_Batch_16,PASS
CLDN19_Arg200Gln,O09,0,2025_03_17_Batch_16,PASS
LITAF_Thr115Asn,K24,0,2025_03_17_Batch_16,PASS
APOA1_Ala188Ser,K03,0,2025_03_17_Batch_16,PASS
FOXP3_Gly52Val,G15,0,2025_03_17_Batch_16,PASS
KCNJ2_Pro420Leu,I14,1,2025_03_17_Batch_16,PASS
CUL3_Lys459Arg,M13,0,2025_03_17_Batch_16,PASS
NT5C3A_Gly202Arg,N03,0,2025_03_17_Batch_16,PASS
SMAD3_Pro124Leu,B11,0,2025_03_17_Batch_16,PASS
APOA1_Arg197Cys,O01,0,2025_03_17_Batch_16,PASS
KCNJ2_Val302Met,O08,0,2025_03_17_Batch_16,PASS
KCNJ2_Tyr326Asn,A18,1,2025_03_17_Batch_16,PASS
KCNJ2_Ile269Lys,G12,0,2025_03_17_Batch_16,PASS
SMAD3_Leu219Phe,F13,0,2025_03_17_Batch_16,PASS
APOA1_Val180Glu,E03,0,2025_03_17_Batch_16,PASS
SMAD3_Arg279Lys,P19,4,2025_03_17_Batch_16,FAIL
COQ8A_Gly272Asp,C11,0,2025_03_17_Batch_16,PASS
TPM1_Lys248Glu,J06,0,2025_03_17_Batch_16,PASS
TPM3_Ala4Val,L08,0,2025_03_17_Batch_16,PASS
CUL3,I13,0,2025_03_17_Batch_16,PASS
COQ8A_His80Tyr,I11,0,2025_03_17_Batch_16,PASS
TMEM43_Arg312Trp,H23,0,2025_03_17_Batch_16,PASS
KCNJ2_Val86Phe,K16,0,2025_03_17_Batch_16,PASS
CDKN1A_Ser31Arg,C09,0,2025_03_17_Batch_16,PASS
SMAD3_Asn197Ile,D21,0,2025_03_17_Batch_16,PASS
NT5C3A_Asp132Val,L03,0,2025_03_17_Batch_16,PASS
CCBE1,E07,0,2025_03_17_Batch_16,PASS
KCNJ2_Thr400Met,A10,0,2025_03_17_Batch_16,PASS
GFAP_Arg376Trp,C21,0,2025_03_17_Batch_16,PASS
NR0B1_Asn440Ile,H01,0,2025_03_17_Batch_16,PASS
SMAD3_Trp94Leu,L15,0,2025_03_17_Batch_16,PASS
GFAP_Leu90Pro,O19,0,2025_03_17_Batch_16,PASS
GFAP_Tyr366Cys,I21,0,2025_03_17_Batch_16,PASS
LITAF_Trp116Gly,G24,0,2025_03_17_Batch_16,PASS
CFP_Tyr414Asp,G09,0,2025_03_17_Batch_16,PASS
SMAD3_Glu239Lys,J19,4,2025_03_17_Batch_16,FAIL
LITAF_Val144Met,O22,0,2025_03_17_Batch_16,PASS
KCNJ2_Thr139Ile,G10,0,2025_03_17_Batch_16,PASS
KCNJ2_Asn318Ser,I12,0,2025_03_17_Batch_16,PASS
FOXP3_Pro187Leu,O15,0,2025_03_17_Batch_16,PASS
COQ8A,A11,0,2025_03_17_Batch_16,PASS
KCNJ2_Pro186Leu,C14,0,2025_03_17_Batch_16,PASS
APOA1_Leu198Ser,M01,0,2025_03_17_Batch_16,PASS
SMAD3_Glu284Gln,F11,0,2025_03_17_Batch_16,PASS
IMPDH1_Arg154Trp,I04,0,2025_03_17_Batch_16,PASS
COQ8A_Gly549Ser,E11,0,2025_03_17_Batch_16,PASS
SMAD3_Arg385Gly,B19,0,2025_03_17_Batch_16,PASS
TPM1_Ile92Thr,F04,0,2025_03_17_Batch_16,PASS
GFAP_Met73Arg,I17,0,2025_03_17_Batch_16,PASS
AP2S1,A01,0,2025_03_17_Batch_16,PASS
SMAD3_Leu308Phe,B15,0,2025_03_17_Batch_16,PASS
SMAD3_Glu239Lys,F15,0,2025_03_17_Batch_16,PASS
SMAD3_Ile170Val,H11,0,2025_03_17_Batch_16,PASS
TPM1_Asn279His,B04,0,2025_03_17_Batch_16,PASS
NR0B1_Lys382Asn,J01,4,2025_03_17_Batch_16,FAIL
NT5C3A_Phe31Leu,H03,0,2025_03_17_Batch_16,PASS
GFAP_Asp417Ala,K21,0,2025_03_17_Batch_16,PASS
KCNJ2_Asp71His,K06,0,2025_03_17_Batch_16,PASS
TMEM43_Arg28Trp,P21,0,2025_03_17_Batch_16,PASS
IMPDH1_Asp275Asn,E04,0,2025_03_17_Batch_16,PASS
CLDN19,K09,0,2025_03_17_Batch_16,PASS
LITAF_Pro135Arg,K18,0,2025_03_17_Batch_16,PASS
ALK_Arg1275Gln,J09,1,2025_03_17_Batch_16,PASS
APOA1_Gly50Arg,K01,2,2025_03_17_Batch_16,PASS
KCNJ2_Glu17Arg,G02,0,2025_03_17_Batch_16,PASS
NR0B1_Arg425Ile,L01,0,2025_03_17_Batch_16,PASS
KCNJ2,A02,0,2025_03_17_Batch_16,PASS
APOA1_Arg34Leu,I01,0,2025_03_17_Batch_16,PASS
FKBP6_Phe72Leu,C15,0,2025_03_17_Batch_16,PASS
SFTPA2,N07,0,2025_03_17_Batch_16,PASS
IMPDH1,C04,0,2025_03_17_Batch_16,PASS
IL36RN_Arg102Trp,O02,0,2025_03_17_Batch_16,PASS
LITAF_Thr115Asn,M18,0,2025_03_17_Batch_16,PASS
KCNJ2_Arg40Gln,E08,0,2025_03_17_Batch_16,PASS
SMARCB1_Pro48Leu,J21,0,2025_03_17_Batch_16,PASS
TPM1_Ala239Thr,H02,0,2025_03_17_Batch_16,PASS
SFTPA2_Ala91Pro,D09,4,2025_03_17_Batch_16,FAIL
LITAF_Ser15Leu,C22,0,2025_03_17_Batch_16,PASS
NR0B1_Trp105Cys,D03,0,2025_03_17_Batch_16,PASS
GFAP_Arg79Cys,I19,0,2025_03_17_Batch_16,PASS
SMAD3_Val410Phe,D17,0,2025_03_17_Batch_16,PASS
SMAD3_Thr261Ile,D11,0,2025_03_17_Batch_16,PASS
GFAP_Glu207Lys,K19,0,2025_03_17_Batch_16,PASS
IL10_Phe129Tyr,C02,0,2025_03_17_Batch_16,PASS
TMEM43_Arg299Thr,J23,0,2025_03_17_Batch_16,PASS
SMAD3_Arg373Cys,P17,0,2025_03_17_Batch_16,PASS
LITAF_Ile92Val,O24,1,2025_03_17_Batch_16,PASS
GFAP_Glu205Lys,G23,0,2025_03_17_Batch_16,PASS
GFAP_Lys236Thr,E21,0,2025_03_17_Batch_16,PASS
TPM1_Ala63Val,D02,0,2025_03_17_Batch_16,PASS
SMAD3_Pro263Ala,J11,0,2025_03_17_Batch_16,PASS
TPM1_Arg160His,L02,0,2025_03_17_Batch_16,PASS
MSRB3_Cys82Gly,D01,0,2025_03_17_Batch_16,PASS
KCNJ2_Val295Ala,C16,0,2025_03_17_Batch_16,PASS
BLMH_Ile443Val,C07,0,2025_03_17_Batch_16,PASS
NT5C3A_Gly275Arg,P03,0,2025_03_17_Batch_16,PASS
FOXP3,E15,0,2025_03_17_Batch_16,PASS
GFAP_Ala364Pro,A23,0,2025_03_17_Batch_16,PASS
SMAD3_Arg287Trp,N11,0,2025_03_17_Batch_16,PASS
GFAP_Lys279Glu,A21,0,2025_03_17_Batch_16,PASS
BAG3_Leu462Pro,C05,0,2025_03_17_Batch_16,PASS
IL10_Gly15Arg,E02,0,2025_03_17_Batch_16,PASS
TPM1_Glu40Lys,D08,0,2025_03_17_Batch_16,PASS
LITAF_Phe136Leu,E24,0,2025_03_17_Batch_16,PASS
GFAP,C17,0,2025_03_17_Batch_16,PASS
KCNJ2_Asp274Val,E14,1,2025_03_17_Batch_16,PASS
TPM1_Lys15Asn,P04,0,2025_03_17_Batch_16,PASS
SMAD3_Arg385Thr,D19,0,2025_03_17_Batch_16,PASS
SMAD3_Arg287Gln,D13,2,2025_03_17_Batch_16,PASS
BAG3_Arg218Trp,G05,0,2025_03_17_Batch_16,PASS
GFAP_Glu371Val,M21,0,2025_03_17_Batch_16,PASS
TPM1_Glu180Val,H04,0,2025_03_17_Batch_16,PASS
GFAP_Pro47Leu,K23,0,2025_03_17_Batch_16,PASS
GFAP_Leu357Pro,O21,0,2025_03_17_Batch_16,PASS
TPM1,P06,4,2025_03_17_Batch_16,FAIL
TPM1,L04,0,2025_03_17_Batch_16,PASS
PRPS1_His193Gln,J07,0,2025_03_17_Batch_16,PASS
SMAD3_Gly272Arg,H15,0,2025_03_17_Batch_16,PASS
FOXP3_Leu242Pro,A17,0,2025_03_17_Batch_16,PASS
LITAF_Ala111Gly,K20,0,2025_03_17_Batch_16,PASS
SMAD3_Val294Met,J13,0,2025_03_17_Batch_16,PASS
NT5C3A_Cys108Arg,J03,0,2025_03_17_Batch_16,PASS
CTH_Thr67Ile,O11,0,2025_03_17_Batch_16,PASS
TMEM43_Ala366Thr,N23,0,2025_03_17_Batch_16,PASS
NR0B1,F01,0,2025_03_17_Batch_16,PASS
TPM3,J08,0,2025_03_17_Batch_16,PASS
LITAF_Pro135Thr,I20,0,2025_03_17_Batch_16,PASS
TPM1_Asp175Asn,F07,0,2025_03_17_Batch_16,PASS
APOA1_Ala199Pro,C03,0,2025_03_17_Batch_16,PASS
SMAD3_Met255Arg,N15,0,2025_03_17_Batch_16,PASS
TPM1_Ile172Thr,D04,0,2025_03_17_Batch_16,PASS
GFAP_Glu371Gly,A19,0,2025_03_17_Batch_16,PASS
LITAF_Val81Met,G22,0,2025_03_17_Batch_16,PASS
FKBP6,O13,0,2025_03_17_Batch_16,PASS
KCNJ2_Gly300Asp,O16,0,2025_03_17_Batch_16,PASS
PNKP_Glu326Lys,B07,0,2025_03_17_Batch_16,PASS
SMAD3_Arg268Cys,H13,0,2025_03_17_Batch_16,PASS
KCNJ2_Thr75Met,E10,0,2025_03_17_Batch_16,PASS
KCNJ2_Asn410Ser,O10,1,2025_03_17_Batch_16,PASS
GFAP_Asn77Ser,M19,0,2025_03_17_Batch_16,PASS
COQ8A_His85Gln,G11,0,2025_03_17_Batch_16,PASS
SMAD3_Thr261Ile,B21,0,2025_03_17_Batch_16,PASS
KCNJ2_Arg189Ile,M16,0,2025_03_17_Batch_16,PASS
FKBP6_Arg202His,A15,0,2025_03_17_Batch_16,PASS
LITAF_Thr49Met,I24,0,2025_03_17_Batch_16,PASS
MSRB3_Cys82Gly,B01,0,2025_03_17_Batch_16,PASS
TPM1_Glu23Gln,N06,0,2025_03_17_Batch_16,PASS
PHYH_Gln176Lys,D05,0,2025_03_17_Batch_16,PASS
KCNJ2_Met301Leu,G06,0,2025_03_17_Batch_16,PASS
NR0B1_Val126Met,P01,0,2025_03_17_Batch_16,PASS
BFSP2_Ala407Asp,O05,0,2025_03_17_Batch_16,PASS
FOXP3_Gln70His,M15,0,2025_03_17_Batch_16,PASS
CDKN1A_Arg67Leu,M07,0,2025_03_17_Batch_16,PASS
KCNJ2_Trp322Cys,G14,1,2025_03_17_Batch_16,PASS
NR0B1_Arg267Pro,B03,0,2025_03_17_Batch_16,PASS
LITAF_Ser118Pro,A24,0,2025_03_17_Batch_16,PASS
KCNJ2_Asp78Gly,A14,0,2025_03_17_Batch_16,PASS
KCNJ2_Asp172Asn,E12,1,2025_03_17_Batch_16,PASS
GFAP_Glu210Lys,E23,0,2025_03_17_Batch_16,PASS
APOA1_Trp74Arg,G03,0,2025_03_17_Batch_16,PASS
BFSP2_Arg339His,M05,0,2025_03_17_Batch_16,PASS
SMAD3_Asp258His,N09,0,2025_03_17_Batch_16,PASS
KCNJ2_Met301Val,A08,0,2025_03_17_Batch_16,PASS
BFSP2,K05,0,2025_03_17_Batch_16,PASS
SFTPA2_Gly231Val,B09,0,2025_03_17_Batch_16,PASS
KCNJ2_Arg189Lys,A16,0,2025_03_17_Batch_16,PASS
FOXP3_Ile363Val,K15,0,2025_03_17_Batch_16,PASS
CLDN19_Gln57Glu,M09,0,2025_03_17_Batch_16,PASS
LITAF_Pro39Ser,O18,0,2025_03_17_Batch_16,PASS
PNKP_Pro20Ser,D07,4,2025_03_17_Batch_16,FAIL
KCNJ2_Gly206Ser,C06,1,2025_03_17_Batch_16,PASS
CTH_Ser403Ile,C13,0,2025_03_17_Batch_16,PASS
BAG3_Arg258Trp,I05,0,2025_03_17_Batch_16,PASS
LITAF_Gly53Ala,M22,0,2025_03_17_Batch_16,PASS
LITAF_Pro51Ser,C24,0,2025_03_17_Batch_16,PASS
SMAD3_Ser423Arg,J17,0,2025_03_17_Batch_16,PASS
KRT83,C18,0,2025_03_17_Batch_16,PASS
PRPS1_Leu129Ile,L07,0,2025_03_17_Batch_16,PASS
IL36RN_Thr123Arg,A04,0,2025_03_17_Batch_16,PASS
SMAD3_Tyr364Cys,N17,0,2025_03_17_Batch_16,PASS
KCNJ2_Arg40Pro,C10,0,2025_03_17_Batch_16,PASS
KCNJ2_Lys364Arg,C08,0,2025_03_17_Batch_16,PASS
TMEM43,L21,0,2025_03_17_Batch_16,PASS
SMAD3_Asp408His,H19,0,2025_03_17_Batch_16,PASS
TPM1,P23,0,2025_03_17_Batch_16,PASS
PHYH_Arg275Trp,H05,0,2025_03_17_Batch_16,PASS
KCNJ2_Cys76Gly,C12,0,2025_03_17_Batch_16,PASS
GFAP_Arg79Ser,C19,0,2025_03_17_Batch_16,PASS
GFAP_Asp295Asn,I23,0,2025_03_17_Batch_16,PASS
LITAF,I18,0,2025_03_17_Batch_16,PASS
GFAP_Arg88Cys,M17,0,2025_03_17_Batch_16,PASS
KCNJ2_Pro415Leu,M12,2,2025_03_17_Batch_16,PASS
SMAD3_Asn59Asp,N13,0,2025_03_17_Batch_16,PASS
TPM1_Ala22Thr,N04,0,2025_03_17_Batch_16,PASS
SMAD3_Ile87Thr,D15,0,2025_03_17_Batch_16,PASS
TPM1_Arg238Trp,F21,0,2025_03_17_Batch_16,PASS
SMAD3,H09,0,2025_03_17_Batch_16,PASS
KCNJ2_Ile258Thr,M08,1,2025_03_17_Batch_16,PASS
LITAF_Pro34Thr,G20,0,2025_03_17_Batch_16,PASS
KCNJ2_Arg67Gln,O12,0,2025_03_17_Batch_16,PASS
TMEM43_Tyr371His,D23,0,2025_03_17_Batch_16,PASS
IMPDH1_Arg273Pro,K04,1,2025_03_17_Batch_16,PASS
SMARCB1_Arg37His,H21,0,2025_03_17_Batch_16,PASS
TPM1_Leu185Arg,P02,0,2025_03_17_Batch_16,PASS
LITAF_Arg160His,I22,0,2025_03_17_Batch_16,PASS
SMAD3_Gln316Pro,B17,0,2025_03_17_Batch_16,PASS
ALK_Arg1275Gln,I09,0,2025_03_17_Batch_16,PASS
BAG3_Arg477His,O03,0,2025_03_17_Batch_16,PASS
PHYH_Arg275Gln,J05,3,2025_03_17_Batch_16,FAIL
KCNJ2_Ala70Ser,G16,0,2025_03_17_Batch_16,PASS
IL36RN_Ser113Leu,M02,4,2025_03_17_Batch_16,FAIL
SMAD3_Pro263Leu,L19,0,2025_03_17_Batch_16,PASS
AP2S1_Arg15Cys,C01,0,2025_03_17_Batch_16,PASS
PHYH,B05,0,2025_03_17_Batch_16,PASS
SMAD3_Arg279Lys,P09,0,2025_03_17_Batch_16,PASS
GFAP_Arg239Pro,G19,0,2025_03_17_Batch_16,PASS
GFAP_Leu352Pro,C23,0,2025_03_17_Batch_16,PASS
CTNNA3_Val94Asp,G13,0,2025_03_17_Batch_16,PASS
TPM1_Ala166Thr,B02,0,2025_03_17_Batch_16,PASS
CTH_Gln240Glu,A13,0,2025_03_17_Batch_16,PASS
CDKN1A_Arg84Gln,O07,0,2025_03_17_Batch_16,PASS
TPM1_Met281Thr,B08,0,2025_03_17_Batch_16,PASS
TPM1_Val95Ala,F08,0,2025_03_17_Batch_16,PASS
KCNJ2_His110Tyr,M06,1,2025_03_17_Batch_16,PASS
KCNJ2_Arg312His,M10,0,2025_03_17_Batch_16,PASS
KCNJ2_Ala115Val,K08,2,2025_03_17_Batch_16,PASS
TMEM43_Glu85Lys,F23,1,2025_03_17_Batch_16,PASS
LITAF_Pro84Leu,A22,0,2025_03_17_Batch_16,PASS
PNKP,P05,0,2025_03_17_Batch_16,PASS
LITAF_Asn30Tyr,M20,0,2025_03_17_Batch_16,PASS
